日時,商品名,個数,小計
2024-10-11 16:22:37,キーホルダー大,3,900
2024-10-11 16:23:17,キーホルダー大,3,900
2024-10-11 17:35:47,オリジナルカップ,4545,2272500
2024-10-11 17:47:29,オリジナルカップ,8,4000
2024-10-13 08:47:04,キーホルダー大,4,1200
2024-10-13 08:47:04,キーホルダー小,54,10800
2024-10-13 08:47:04,オリジナルカップ,5,2500
2024-10-13 08:48:23,キーホルダー大,4,1200
2024-10-13 08:48:23,キーホルダー小,54,10800
2024-10-13 08:48:23,オリジナルカップ,5,2500
2024-10-13 08:50:09,キーホルダー大,3,900
2024-10-13 08:50:09,キーホルダー小,4,800
2024-10-13 08:50:09,オリジナルカップ,3,1500
2024-10-13 09:33:02,キーホルダー大,3,900
2024-10-13 09:33:02,キーホルダー小,9,1800
2024-10-13 09:33:02,オリジナルカップ,7,3500
2024-10-13 09:35:51,キーホルダー大,3,900
2024-10-13 09:35:51,キーホルダー小,9,1800
2024-10-13 09:35:51,オリジナルカップ,7,3500
2024-10-13 09:35:53,キーホルダー大,3,900
2024-10-13 09:35:53,キーホルダー小,9,1800
2024-10-13 09:35:53,オリジナルカップ,7,3500
2024-10-13 09:35:54,キーホルダー大,3,900
2024-10-13 09:35:54,キーホルダー小,9,1800
2024-10-13 09:35:54,オリジナルカップ,7,3500
2024-10-13 09:35:54,キーホルダー大,3,900
2024-10-13 09:35:54,キーホルダー小,9,1800
2024-10-13 09:35:54,オリジナルカップ,7,3500
2024-10-13 09:35:55,キーホルダー大,3,900
2024-10-13 09:35:55,キーホルダー小,9,1800
2024-10-13 09:35:55,オリジナルカップ,7,3500
2024-10-13 09:36:40,キーホルダー大,3,900
2024-10-13 09:36:40,キーホルダー小,9,1800
2024-10-13 09:36:40,オリジナルカップ,7,3500
2024-10-13 09:36:41,キーホルダー大,3,900
2024-10-13 09:36:41,キーホルダー小,9,1800
2024-10-13 09:36:41,オリジナルカップ,7,3500
2024-10-13 09:36:43,キーホルダー大,3,900
2024-10-13 09:36:43,キーホルダー小,9,1800
2024-10-13 09:36:43,オリジナルカップ,7,3500
2024-10-13 09:36:44,キーホルダー大,3,900
2024-10-13 09:36:44,キーホルダー小,9,1800
2024-10-13 09:36:44,オリジナルカップ,7,3500
2024-10-13 09:37:02,キーホルダー大,3,900
2024-10-13 09:37:02,キーホルダー小,9,1800
2024-10-13 09:37:02,オリジナルカップ,7,3500
2024-10-13 09:37:02,キーホルダー大,3,900
2024-10-13 09:37:02,キーホルダー小,9,1800
2024-10-13 09:37:02,オリジナルカップ,7,3500
2024-10-13 09:37:06,キーホルダー大,3,900
2024-10-13 09:37:06,キーホルダー小,9,1800
2024-10-13 09:37:06,オリジナルカップ,7,3500
2024-10-13 09:37:17,キーホルダー大,3,900
2024-10-13 09:37:17,キーホルダー小,9,1800
2024-10-13 09:37:17,オリジナルカップ,7,3500
2024-10-13 09:37:31,キーホルダー大,3,900
2024-10-13 09:37:31,キーホルダー小,9,1800
2024-10-13 09:37:31,オリジナルカップ,7,3500
2024-10-13 09:38:56,キーホルダー大,3,900
2024-10-13 09:38:56,キーホルダー小,9,1800
2024-10-13 09:38:56,オリジナルカップ,7,3500
2024-10-13 09:43:19,キーホルダー大,3,900
2024-10-13 09:43:19,キーホルダー小,9,1800
2024-10-13 09:43:19,オリジナルカップ,7,3500
2024-10-13 09:43:20,キーホルダー大,3,900
2024-10-13 09:43:20,キーホルダー小,9,1800
2024-10-13 09:43:20,オリジナルカップ,7,3500
2024-10-13 09:43:21,キーホルダー大,3,900
2024-10-13 09:43:21,キーホルダー小,9,1800
2024-10-13 09:43:21,オリジナルカップ,7,3500
2024-10-13 09:43:22,キーホルダー大,3,900
2024-10-13 09:43:22,キーホルダー小,9,1800
2024-10-13 09:43:22,オリジナルカップ,7,3500
2024-10-13 09:43:23,キーホルダー大,3,900
2024-10-13 09:43:23,キーホルダー小,9,1800
2024-10-13 09:43:23,オリジナルカップ,7,3500
2024-10-13 09:43:55,キーホルダー大,3,900
2024-10-13 09:43:55,キーホルダー小,9,1800
2024-10-13 09:43:55,オリジナルカップ,7,3500
2024-10-13 10:09:55,キーホルダー大,5,1500
2024-10-13 10:09:55,キーホルダー小,3,600
2024-10-13 10:09:55,オリジナルカップ,3,1500
2024-10-13 10:09:58,キーホルダー大,5,1500
2024-10-13 10:09:58,キーホルダー小,3,600
2024-10-13 10:09:58,オリジナルカップ,3,1500
2024-10-13 11:22:25,オリジナルカップ,1,500
2024-10-13 11:22:38,キーホルダー大,4,1200
2024-10-13 11:22:38,キーホルダー小,2,400
2024-10-13 11:22:38,オリジナルカップ,1,500
2024-10-13 11:26:05,キーホルダー小,3,600
2024-10-13 11:28:08,オリジナルカップ,3,1500
2024-10-13 11:28:23,オリジナルカップ,-6,-3000
2024-10-13 11:29:11,オリジナルカップ,1,500
2024-10-13 11:31:28,オリジナルカップ,5,2500
2024-10-13 11:31:34,キーホルダー小,7,1400
2024-10-13 11:31:34,オリジナルカップ,5,2500
2024-10-13 11:31:41,キーホルダー小,7,1400
2024-10-13 11:31:41,オリジナルカップ,5,2500
2024-10-13 11:32:12,オリジナルカップ,6,3000
2024-10-13 11:32:16,キーホルダー小,6,1200
2024-10-13 11:32:16,オリジナルカップ,6,3000
2024-10-13 11:32:37,オリジナルカップ,1,500
2024-10-13 11:33:03,オリジナルカップ,1,500
2024-10-13 11:33:38,オリジナルカップ,1,500
2024-10-13 11:35:19,オリジナルカップ,1,500
2024-10-13 11:35:22,オリジナルカップ,2,1000
2024-10-13 11:35:26,オリジナルカップ,5,2500
2024-10-13 11:35:31,キーホルダー小,11,2200
2024-10-13 11:35:31,オリジナルカップ,5,2500
2024-10-13 11:35:32,キーホルダー小,11,2200
2024-10-13 11:35:32,オリジナルカップ,5,2500
2024-10-13 11:35:36,キーホルダー小,18,3600
2024-10-13 11:35:36,オリジナルカップ,5,2500
2024-10-13 11:35:38,キーホルダー小,18,3600
2024-10-13 11:35:38,オリジナルカップ,6,3000
2024-10-13 11:36:44,キーホルダー小,1,200
2024-10-13 11:38:54,オリジナルカップ,1,500
2024-10-13 11:39:14,オリジナルカップ,1,500
2024-10-13 11:39:52,オリジナルカップ,1,500
2024-10-13 11:39:58,キーホルダー小,6,1200
2024-10-13 11:39:58,オリジナルカップ,1,500
2024-10-13 11:40:08,キーホルダー大,3,900
2024-10-13 11:40:08,キーホルダー小,3,600
2024-10-13 11:40:08,オリジナルカップ,3,1500
2024-10-13 11:40:30,キーホルダー大,1,300
2024-10-13 11:40:30,キーホルダー小,1,200
2024-10-13 11:40:30,オリジナルカップ,1,500
2024-10-13 11:42:28,キーホルダー大,1,300
2024-10-13 11:42:28,キーホルダー小,1,200
2024-10-13 11:42:28,オリジナルカップ,1,500
2024-10-13 11:42:35,キーホルダー大,1,300
2024-10-13 11:42:35,キーホルダー小,1,200
2024-10-13 11:42:35,オリジナルカップ,2,1000
2024-10-13 11:42:38,キーホルダー大,1,300
2024-10-13 11:42:38,キーホルダー小,2,400
2024-10-13 11:42:38,オリジナルカップ,2,1000
2024-10-13 11:42:41,キーホルダー大,3,900
2024-10-13 11:42:41,キーホルダー小,2,400
2024-10-13 11:42:41,オリジナルカップ,2,1000
2024-10-13 11:47:02,キーホルダー大,3,900
2024-10-13 11:47:02,キーホルダー小,3,600
2024-10-13 11:47:02,オリジナルカップ,4,2000
2024-10-13 12:14:52,オリジナルカップ,7,3500
2024-10-13 12:15:01,キーホルダー小,1,200
2024-10-13 12:15:01,オリジナルカップ,8,4000
2024-10-14 19:12:29,キーホルダー大,3,900
2024-10-14 19:12:29,キーホルダー小,-4,-800
2024-10-14 19:12:29,オリジナルカップ,8,4000
